{
	"info": {
		"_postman_id": "123a9cbd-038d-4ccb-abd3-d7b50dd1814b",
		"name": "JavaAvanzado-ejercicio3,4y5",
		"schema": "https://schema.getpostman.com/json/collection/v2.1.0/collection.json"
	},
	"item": [
		{
			"name": "bootcampers CREATE",
			"request": {
				"method": "POST",
				"header": [],
				"body": {
					"mode": "raw",
					"raw": "{\n    \"nombre\": \"Elton\",\n    \"valor\": \"1234\"\n}",
					"options": {
						"raw": {
							"language": "json"
						}
					}
				},
				"url": {
					"raw": "{{url}}bootcampers",
					"host": [
						"{{url}}bootcampers"
					]
				}
			},
			"response": []
		},
		{
			"name": "bootcampers REQUEST",
			"request": {
				"method": "GET",
				"header": [],
				"url": {
					"raw": "{{url}}bootcampers",
					"host": [
						"{{url}}bootcampers"
					]
				}
			},
			"response": []
		},
		{
			"name": "bootcampers REQUEST ONE",
			"request": {
				"method": "GET",
				"header": [],
				"url": {
					"raw": "{{url}}bootcampers/Elton",
					"host": [
						"{{url}}bootcampers"
					],
					"path": [
						"Elton"
					]
				}
			},
			"response": []
		},
		{
			"name": "/api/users REQUEST",
			"request": {
				"method": "GET",
				"header": [],
				"url": {
					"raw": "https://reqres.in/api/users",
					"protocol": "https",
					"host": [
						"reqres",
						"in"
					],
					"path": [
						"api",
						"users"
					]
				}
			},
			"response": []
		},
		{
			"name": "/api/users/3 REQUEST ONE",
			"request": {
				"method": "GET",
				"header": [],
				"url": {
					"raw": "https://reqres.in/api/users/3",
					"protocol": "https",
					"host": [
						"reqres",
						"in"
					],
					"path": [
						"api",
						"users",
						"3"
					]
				}
			},
			"response": []
		}
	],
	"event": [
		{
			"listen": "prerequest",
			"script": {
				"type": "text/javascript",
				"exec": [
					""
				]
			}
		},
		{
			"listen": "test",
			"script": {
				"type": "text/javascript",
				"exec": [
					""
				]
			}
		}
	],
	"variable": [
		{
			"key": "url",
			"value": "http://localhost:9000/",
			"type": "default"
		}
	]
}